Rk,Player,Nation,Pos,Squad,Age,Born,90s,Gls,Sh,SoT,SoT%,Sh/90,SoT/90,G/Sh,G/SoT,Dist,FK,PK,PKatt,xG,npxG,npxG/Sh,G-xG,np:G-xG,Season
1,Aymen Abdennour,tn TUN,DF,Valencia,26,1989,9.8,0,2,0,0,0.2,0,0,,,,0,0,,,,,,2016-17
2,Antonio Adán,es ESP,GK,Betis,29,1987,37,0,0,0,,0,0,,,,,0,0,,,,,,2016-17
3,Aritz Aduriz,es ESP,FW,Athletic Club,35,1981,27.3,16,85,45,52.9,3.11,1.65,0.13,0.24,,,5,5,,,,,,2016-17
4,Akram Afif,qa QAT,MF,Sporting Gijón,19,1996,2.6,0,1,1,100,0.38,0.38,0,0,,,0,0,,,,,,2016-17
5,Rachid Aït-Atmane,dz ALG,MF,Sporting Gijón,23,1993,5.5,0,5,0,0,0.91,0,0,,,,0,0,,,,,,2016-17
6,Javi Álamo,es ESP,FWMF,Osasuna,27,1988,0.1,0,1,0,0,6.92,0,0,,,,0,0,,,,,,2016-17
7,Jordi Alba,es ESP,DF,Barcelona,27,1989,21.9,1,6,1,16.7,0.27,0.05,0.17,1,,,0,0,,,,,,2016-17
8,Raúl Albentosa,es ESP,DF,La Coruña,27,1988,25.9,1,10,4,40,0.39,0.15,0.1,0.25,,,0,0,,,,,,2016-17
9,Paco Alcácer,es ESP,FW,Barcelona,22,1993,9.5,6,25,15,60,2.62,1.57,0.24,0.4,,,0,0,,,,,,2016-17
10,Paco Alcácer,es ESP,FW,Valencia,22,1993,1,0,2,1,50,2,1,0,0,,,0,0,,,,,,2016-17
11,Álex Alegría,es ESP,FW,Betis,23,1992,16,3,45,20,44.4,2.82,1.25,0.07,0.15,,,0,0,,,,,,2016-17
12,Carles Aleñá,es ESP,MF,Barcelona,18,1998,0.5,0,1,0,0,2.09,0,0,,,,0,0,,,,,,2016-17
13,Alexander,ar ARG,MF,Leganés,27,1988,22.6,8,42,17,40.5,1.86,0.75,0.17,0.41,,,1,2,,,,,,2016-17
14,Alexis,es ESP,DF,Alavés,30,1985,20.2,2,7,2,28.6,0.35,0.1,0.29,1,,,0,0,,,,,,2016-17
15,Sergio Álvarez,es ESP,MF,Sporting Gijón,24,1992,33.4,2,16,5,31.3,0.48,0.15,0.13,0.4,,,0,0,,,,,,2016-17
16,Sergio Álvarez,es ESP,GK,Celta Vigo,29,1986,26,0,0,0,,0,0,,,,,0,0,,,,,,2016-17
17,Víctor Álvarez,es ESP,DF,Espanyol,23,1993,2.3,0,0,0,,0,0,,,,,0,0,,,,,,2016-17
18,Yeray Álvarez,es ESP,DF,Athletic Club,21,1995,25.2,0,13,2,15.4,0.52,0.08,0,0,,,0,0,,,,,,2016-17
19,Diego Alves,br BRA,GK,Valencia,31,1985,33,0,0,0,,0,0,,,,,0,0,,,,,,2016-17
20,Fernando Amorebieta,ve VEN,DF,Sporting Gijón,31,1985,24.6,0,10,2,20,0.41,0.08,0,0,,,0,0,,,,,,2016-17
21,Jon Ander Serantes,es ESP,GK,Leganés,26,1989,12.3,0,1,1,100,0.08,0.08,0,0,,,0,0,,,,,,2016-17
22,Florin Andone,ro ROU,FW,La Coruña,23,1993,32.1,12,100,42,42,3.11,1.31,0.12,0.29,,,0,0,,,,,,2016-17
23,Victorien Angban,ci CIV,MF,Granada,19,1996,7.6,0,2,0,0,0.26,0,0,,,,0,0,,,,,,2016-17
24,Miguel Ángel Guerrero,es ESP,FW,Leganés,26,1990,23.8,5,43,17,39.5,1.81,0.72,0.09,0.24,,,1,1,,,,,,2016-17
25,José Ángel,es ESP,DF,Villarreal,26,1989,7,0,7,0,0,1,0,0,,,,0,0,,,,,,2016-17
26,Miguel Ángel Moyá,es ESP,GK,Atlético Madrid,32,1984,8.6,0,0,0,,0,0,,,,,0,0,,,,,,2016-17
27,José Antonio Reyes,es ESP,MFFW,Espanyol,32,1983,9.7,3,15,5,33.3,1.55,0.52,0.13,0.4,,,1,1,,,,,,2016-17
28,Sergio Araujo,ar ARG,FW,Las Palmas,24,1992,5.9,2,17,7,41.2,2.87,1.18,0.12,0.29,,,0,0,,,,,,2016-17
29,Anaitz Arbilla,es ESP,DF,Eibar,29,1987,17.5,0,9,3,33.3,0.51,0.17,0,0,,,0,0,,,,,,2016-17
30,Markel Areitio,es ESP,GK,Eibar,19,1996,0.5,0,0,0,,0,0,,,,,0,0,,,,,,2016-17
31,Alejandro Arribas,es ESP,DF,La Coruña,27,1989,21.2,0,14,3,21.4,0.66,0.14,0,0,,,0,0,,,,,,2016-17
32,Kepa Arrizabalaga,es ESP,GK,Athletic Club,21,1994,22.4,0,0,0,,0,0,,,,,0,0,,,,,,2016-17
33,Aythami Artiles,es ESP,DF,Las Palmas,30,1986,9.3,0,4,1,25,0.43,0.11,0,0,,,0,0,,,,,,2016-17
34,Sergio Asenjo,es ESP,GK,Villarreal,27,1989,23.4,0,0,0,,0,0,,,,,0,0,,,,,,2016-17
35,Marco Asensio,es ESP,FWMF,Real Madrid,20,1996,12,3,26,11,42.3,2.16,0.91,0.12,0.27,,,0,0,,,,,,2016-17
36,Iago Aspas,es ESP,FWMF,Celta Vigo,28,1987,25.7,19,78,37,47.4,3.03,1.44,0.17,0.35,,,6,6,,,,,,2016-17
37,Omer Atzili,il ISR,MF,Granada,23,1993,3.5,0,1,0,0,0.28,0,0,,,,0,0,,,,,,2016-17
38,Ryan Babel,nl NED,MFFW,La Coruña,29,1986,6.2,4,13,7,53.8,2.08,1.12,0.31,0.57,,,0,1,,,,,,2016-17
39,Jean-Sylvain Babin,mq MTQ,DF,Sporting Gijón,29,1986,19,1,9,3,33.3,0.47,0.16,0.11,0.33,,,0,0,,,,,,2016-17
40,Cédric Bakambu,cd COD,FW,Villarreal,25,1991,17.4,11,48,25,52.1,2.76,1.44,0.23,0.44,,,0,0,,,,,,2016-17
41,Zakaria Bakkali,be BEL,FW,Valencia,20,1996,3.2,1,6,2,33.3,1.87,0.62,0.17,0.5,,,0,0,,,,,,2016-17
42,Gareth Bale,wls WAL,FW,Real Madrid,27,1989,15.8,7,64,24,37.5,4.06,1.52,0.11,0.29,,,0,0,,,,,,2016-17
43,Mikel Balenziaga,es ESP,DF,Athletic Club,28,1988,31.6,1,10,1,10,0.32,0.03,0.1,1,,,0,0,,,,,,2016-17
44,Léo Baptistão,br BRA,FWMF,Espanyol,23,1992,15.8,6,33,21,63.6,2.09,1.33,0.18,0.29,,,0,0,,,,,,2016-17
45,Kike Barja,es ESP,MF,Osasuna,19,1997,0.2,0,0,0,,0,0,,,,,0,0,,,,,,2016-17
46,David Barral,es ESP,FW,Granada,33,1983,3.5,0,10,1,10,2.85,0.28,0,0,,,0,0,,,,,,2016-17
47,Diego Barrios,es ESP,GK,Leganés,22,1994,0.7,0,0,0,,0,0,,,,,0,0,,,,,,2016-17
48,Jon Bautista,es ESP,FW,Real Sociedad,21,1995,3.5,3,13,4,30.8,3.75,1.15,0.23,0.75,,,0,0,,,,,,2016-17
49,Claudio Beauvue,gp GLP,FW,Celta Vigo,28,1988,7.3,1,19,4,21.1,2.6,0.55,0.05,0.25,,,0,0,,,,,,2016-17
50,Bebé,cv CPV,MFFW,Eibar,26,1990,7.6,3,23,10,43.5,3.01,1.31,0.13,0.3,,,0,0,,,,,,2016-17
51,Wissam Ben Yedder,fr FRA,FW,Sevilla,25,1990,18.5,11,44,23,52.3,2.38,1.25,0.23,0.43,,,1,1,,,,,,2016-17
52,Karim Benzema,fr FRA,FW,Real Madrid,28,1987,21.1,11,69,34,49.3,3.26,1.61,0.16,0.32,,,0,0,,,,,,2016-17
53,Yuri Berchiche,es ESP,DF,Real Sociedad,26,1990,34.3,3,40,8,20,1.17,0.23,0.08,0.38,,,0,0,,,,,,2016-17
54,Álex Berenguer,es ESP,DFMF,Osasuna,21,1995,23.6,1,16,5,31.3,0.68,0.21,0.06,0.2,,,0,0,,,,,,2016-17
55,Álex Bergantiños,es ESP,MFDF,La Coruña,31,1985,6.1,1,3,1,33.3,0.49,0.16,0.33,1,,,0,0,,,,,,2016-17
56,Markel Bergara,es ESP,MF,Real Sociedad,30,1986,3.2,0,0,0,,0,0,,,,,0,0,,,,,,2016-17
57,Pedro Bigas,es ESP,DF,Las Palmas,25,1990,29.4,4,19,7,36.8,0.65,0.24,0.21,0.57,,,0,0,,,,,,2016-17
58,Rubén Blanco,es ESP,GK,Celta Vigo,21,1995,11,0,0,0,,0,0,,,,,0,0,,,,,,2016-17
59,Kevin-Prince Boateng,gh GHA,FWMF,Las Palmas,29,1987,22,10,75,32,42.7,3.41,1.46,0.13,0.31,,,0,0,,,,,,2016-17
60,Jeremie Boga,ci CIV,MFFW,Granada,19,1997,16.2,2,29,9,31,1.79,0.56,0.07,0.22,,,0,0,,,,,,2016-17
61,Daniele Bonera,it ITA,DF,Villarreal,35,1981,6,0,0,0,,0,0,,,,,0,0,,,,,,2016-17
62,Theo Bongonda,cd COD,MFFW,Celta Vigo,20,1995,24,1,32,7,21.9,1.33,0.29,0.03,0.14,,,0,0,,,,,,2016-17
63,Tano Bonnín,do DOM,DF,Osasuna,26,1990,8.2,0,0,0,,0,0,,,,,0,0,,,,,,2016-17
64,Celso Borges,cr CRC,MF,La Coruña,28,1988,30.2,6,41,10,24.4,1.36,0.33,0.1,0.4,,,2,3,,,,,,2016-17
65,Rafael Borré,co COL,FW,Villarreal,20,1995,4,2,11,9,81.8,2.77,2.27,0.18,0.22,,,0,0,,,,,,2016-17
66,Eneko Bóveda,es ESP,DF,Athletic Club,27,1988,17.3,0,2,0,0,0.12,0,0,,,,0,0,,,,,,2016-17
67,Denys Boyko,ua UKR,GK,Málaga,28,1988,3,0,0,0,,0,0,,,,,0,0,,,,,,2016-17
68,Darko Brašanac,rs SRB,MF,Betis,24,1992,18,1,15,3,20,0.83,0.17,0.07,0.33,,,0,0,,,,,,2016-17
69,Claudio Bravo,cl CHI,GK,Barcelona,33,1983,1,0,0,0,,0,0,,,,,0,0,,,,,,2016-17
70,Alberto Brignoli,it ITA,GK,Leganés,24,1991,0.7,0,0,0,,0,0,,,,,0,0,,,,,,2016-17
71,Alberto Bueno,es ESP,FWMF,Leganés,28,1988,4.2,1,8,2,25,1.89,0.47,0.13,0.5,,,0,0,,,,,,2016-17
72,Alberto Bueno,es ESP,MF,Granada,28,1988,6.2,1,11,5,45.5,1.76,0.8,0.09,0.2,,,0,0,,,,,,2016-17
73,Aitor Buñuel,es ESP,DFMF,Osasuna,18,1998,11.4,0,6,0,0,0.52,0,0,,,,0,0,,,,,,2016-17
74,Burgui,es ESP,MFFW,Sporting Gijón,22,1993,22.1,2,51,23,45.1,2.3,1.04,0.04,0.09,,,0,0,,,,,,2016-17
75,Sergio Busquets,es ESP,MF,Barcelona,28,1988,29.9,0,4,0,0,0.13,0,0,,,,0,0,,,,,,2016-17
76,Unai Bustinza,es ESP,DF,Leganés,24,1992,19.9,0,14,4,28.6,0.7,0.2,0,0,,,0,0,,,,,,2016-17
77,Gustavo Cabral,ar ARG,DF,Celta Vigo,30,1985,24.2,2,19,8,42.1,0.79,0.33,0.11,0.25,,,0,0,,,,,,2016-17
78,Felipe Caicedo,ec ECU,FW,Espanyol,27,1988,14.3,2,15,6,40,1.05,0.42,0.13,0.33,,,0,1,,,,,,2016-17
79,Ignacio Camacho,es ESP,MF,Málaga,26,1990,34.9,4,40,14,35,1.14,0.4,0.1,0.29,,,0,0,,,,,,2016-17
80,Víctor Camarasa,es ESP,MF,Alavés,22,1994,27.7,3,32,8,25,1.15,0.29,0.09,0.38,,,0,0,,,,,,2016-17
81,Sergio Canales,es ESP,MFFW,Real Sociedad,25,1991,11.2,0,20,5,25,1.78,0.45,0,0,,,0,0,,,,,,2016-17
82,João Cancelo,pt POR,DFMF,Valencia,22,1994,27,1,22,11,50,0.82,0.41,0.05,0.09,,,0,0,,,,,,2016-17
83,Roberto Canella,es ESP,DF,Sporting Gijón,28,1988,19.5,2,11,2,18.2,0.56,0.1,0.18,1,,,0,0,,,,,,2016-17
84,Aitor Cantalapiedra,es ESP,FWMF,Villarreal,20,1996,0,0,0,0,,0,0,,,,,0,0,,,,,,2016-17
85,Ander Capa,es ESP,DF,Eibar,24,1992,28.3,0,9,2,22.2,0.32,0.07,0,0,,,0,0,,,,,,2016-17
86,Mehdi Carcela,ma MAR,MFFW,Granada,27,1989,19.4,5,30,15,50,1.55,0.77,0.17,0.33,,,0,0,,,,,,2016-17
87,José Carlos,es ESP,DF,Betis,20,1996,5.5,0,0,0,,0,0,,,,,0,0,,,,,,2016-17
88,Carlos Carmona,es ESP,MFFW,Sporting Gijón,29,1987,20.7,8,34,15,44.1,1.64,0.73,0.24,0.53,,,0,0,,,,,,2016-17
89,Yannick Carrasco,be BEL,MFFW,Atlético Madrid,22,1993,25.1,10,84,33,39.3,3.35,1.32,0.12,0.3,,,0,1,,,,,,2016-17
90,Daniel Carriço,pt POR,DF,Sevilla,27,1988,5,0,0,0,,0,0,,,,,0,0,,,,,,2016-17
91,Federico Cartabia,ar ARG,MFFW,Valencia,23,1993,1.7,0,2,0,0,1.18,0,0,,,,0,0,,,,,,2016-17
92,Dani Carvajal,es ESP,DF,Real Madrid,24,1992,22.4,0,9,4,44.4,0.4,0.18,0,0,,,0,0,,,,,,2016-17
93,Casemiro,br BRA,MF,Real Madrid,24,1992,19,4,15,4,26.7,0.79,0.21,0.27,1,,,0,0,,,,,,2016-17
94,Nacho Cases,es ESP,MF,Sporting Gijón,28,1987,16.3,2,11,4,36.4,0.67,0.24,0.18,0.5,,,0,0,,,,,,2016-17
95,Kiko Casilla,es ESP,GK,Real Madrid,29,1986,11,0,0,0,,0,0,,,,,0,0,,,,,,2016-17
96,Dani Castellano,es ESP,DF,Las Palmas,28,1987,23.4,0,9,3,33.3,0.38,0.13,0,0,,,0,0,,,,,,2016-17
97,Javi Castellano,es ESP,DFMF,Las Palmas,28,1987,1.1,0,0,0,,0,0,,,,,0,0,,,,,,2016-17
98,Samu Castillejo,es ESP,MF,Villarreal,21,1995,22.8,2,33,15,45.5,1.45,0.66,0.06,0.13,,,0,0,,,,,,2016-17
99,Carlos Castro,es ESP,FW,Sporting Gijón,21,1995,11.4,4,16,10,62.5,1.41,0.88,0.25,0.4,,,0,0,,,,,,2016-17
100,Chory Castro,uy URU,MFFW,Málaga,31,1984,19.9,1,31,13,41.9,1.56,0.65,0.03,0.08,,,0,0,,,,,,2016-17
101,Jonny Castro,es ESP,DF,Celta Vigo,22,1994,24.6,0,13,5,38.5,0.53,0.2,0,0,,,0,0,,,,,,2016-17
102,Rubén Castro,es ESP,FW,Betis,35,1981,30.9,13,117,42,35.9,3.79,1.36,0.09,0.26,,,2,2,,,,,,2016-17
103,Goran Čaušić,rs SRB,MF,Osasuna,24,1992,22.3,1,15,4,26.7,0.67,0.18,0.07,0.25,,,0,0,,,,,,2016-17
104,Dani Ceballos,es ESP,MF,Betis,19,1996,26,2,37,16,43.2,1.42,0.62,0.05,0.13,,,0,0,,,,,,2016-17
105,Álvaro Cejudo,es ESP,MFFW,Betis,32,1984,9.1,1,16,4,25,1.77,0.44,0.06,0.25,,,0,0,,,,,,2016-17
106,Alessio Cerci,it ITA,FWMF,Atlético Madrid,29,1987,0.2,0,0,0,,0,0,,,,,0,0,,,,,,2016-17
107,Nereo Champagne,ar ARG,GK,Leganés,31,1985,4,0,0,0,,0,0,,,,,0,0,,,,,,2016-17
108,Charles,br BRA,FW,Málaga,32,1984,12.7,3,38,15,39.5,3,1.18,0.08,0.2,,,0,0,,,,,,2016-17
109,Pape Cheikh Diop,sn SEN,MFFW,Celta Vigo,18,1997,6.3,1,1,1,100,0.16,0.16,1,1,,,0,0,,,,,,2016-17
110,Denis Cheryshev,ru RUS,MF,Villarreal,25,1990,3.8,0,8,3,37.5,2.12,0.79,0,0,,,0,0,,,,,,2016-17
111,Michaël Ciani,fr FRA,DF,Espanyol,32,1984,0.6,0,0,0,,0,0,,,,,0,0,,,,,,2016-17
112,Jasper Cillessen,nl NED,GK,Barcelona,27,1989,1,0,0,0,,0,0,,,,,0,0,,,,,,2016-17
113,Carlos Clerc,es ESP,DFMF,Osasuna,24,1992,21.6,1,7,3,42.9,0.32,0.14,0.14,0.33,,,0,0,,,,,,2016-17
114,Fábio Coentrão,pt POR,DF,Real Madrid,28,1988,1.9,0,1,0,0,0.53,0,0,,,,0,0,,,,,,2016-17
115,Emre Çolak,tr TUR,MF,La Coruña,25,1991,27.4,3,42,13,31,1.53,0.47,0.07,0.23,,,0,1,,,,,,2016-17
116,David Concha,es ESP,MF,Real Sociedad,19,1996,1.3,0,2,0,0,1.55,0,0,,,,0,0,,,,,,2016-17
117,Duje Čop,hr CRO,FW,Sporting Gijón,26,1990,25.3,9,65,26,40,2.57,1.03,0.09,0.23,,,3,4,,,,,,2016-17
118,Ángel Correa,ar ARG,MFFW,Atlético Madrid,21,1995,13.7,4,37,16,43.2,2.71,1.17,0.11,0.25,,,0,0,,,,,,2016-17
119,Joaquín Correa,ar ARG,MFFW,Sevilla,21,1994,14.6,4,34,13,38.2,2.33,0.89,0.12,0.31,,,0,0,,,,,,2016-17
120,Jaume Costa,es ESP,DF,Villarreal,28,1988,29.8,1,10,4,40,0.34,0.13,0.1,0.25,,,0,0,,,,,,2016-17
121,David Costas,es ESP,DF,Celta Vigo,21,1995,1,0,0,0,,0,0,,,,,0,0,,,,,,2016-17
122,Iván Cuéllar,es ESP,GK,Sporting Gijón,32,1984,36,0,0,0,,0,0,,,,,0,0,,,,,,2016-17
123,Isaac Cuenca,es ESP,MFDF,Granada,25,1991,19.4,2,18,7,38.9,0.93,0.36,0.11,0.29,,,0,0,,,,,,2016-17
124,Danilo,br BRA,DF,Real Madrid,25,1991,16.5,1,11,2,18.2,0.67,0.12,0.09,0.5,,,0,0,,,,,,2016-17
125,Martín Demichelis,ar ARG,DF,Málaga,35,1980,7.5,0,4,1,25,0.53,0.13,0,0,,,0,0,,,,,,2016-17
126,Martín Demichelis,ar ARG,DF,Espanyol,35,1980,1.1,0,0,0,,0,0,,,,,0,0,,,,,,2016-17
127,Deyverson,br BRA,FW,Alavés,25,1991,28.7,7,56,22,39.3,1.95,0.77,0.13,0.32,,,0,0,,,,,,2016-17
128,Marcelo Díaz,cl CHI,MF,Celta Vigo,29,1986,18.3,1,12,2,16.7,0.66,0.11,0.08,0.5,,,0,0,,,,,,2016-17
129,Víctor Díaz,es ESP,DF,Leganés,28,1988,20.1,1,15,6,40,0.75,0.3,0.07,0.17,,,0,0,,,,,,2016-17
130,Didier Digard,fr FRA,MF,Osasuna,30,1986,2.1,0,1,0,0,0.47,0,0,,,,0,0,,,,,,2016-17
131,Lucas Digne,fr FRA,DF,Barcelona,23,1993,13,0,5,1,20,0.38,0.08,0,0,,,0,0,,,,,,2016-17
132,Papakouli Diop,sn SEN,MF,Espanyol,30,1986,10.1,0,4,0,0,0.4,0,0,,,,0,0,,,,,,2016-17
133,Jaume Doménech,es ESP,GK,Valencia,25,1990,3,0,0,0,,0,0,,,,,0,0,,,,,,2016-17
134,Ryan Donk,sr SUR,MFDF,Betis,30,1986,9.5,0,3,0,0,0.31,0,0,,,,0,0,,,,,,2016-17
135,Jonathan dos Santos,mx MEX,MF,Villarreal,26,1990,24.6,2,41,7,17.1,1.67,0.28,0.05,0.29,,,0,0,,,,,,2016-17
136,Mauro dos Santos,ar ARG,DF,Eibar,27,1989,8.5,0,3,0,0,0.35,0,0,,,,0,0,,,,,,2016-17
137,Douglas,br BRA,DFMF,Sporting Gijón,25,1990,19.1,3,15,5,33.3,0.79,0.26,0.2,0.6,,,0,0,,,,,,2016-17
138,Óscar Duarte,cr CRC,DF,Espanyol,27,1989,12.5,0,6,0,0,0.48,0,0,,,,0,0,,,,,,2016-17
139,Rubén Duarte,es ESP,DF,Espanyol,20,1995,1.1,0,0,0,,0,0,,,,,0,0,,,,,,2016-17
140,Duda,pt POR,MF,Málaga,36,1980,4.3,1,6,1,16.7,1.39,0.23,0.17,1,,,0,0,,,,,,2016-17
141,Riza Durmisi,dk DEN,DF,Betis,22,1994,26.5,1,22,4,18.2,0.83,0.15,0.05,0.25,,,0,0,,,,,,2016-17
142,Elderson Echiéjilé,ng NGA,DF,Sporting Gijón,28,1988,2.2,1,2,1,50,0.91,0.45,0.5,1,,,0,0,,,,,,2016-17
143,Aritz Elustondo,es ESP,DF,Real Sociedad,22,1994,5.1,0,4,0,0,0.78,0,0,,,,0,0,,,,,,2016-17
144,Gorka Elustondo,es ESP,DF,Athletic Club,29,1987,1.2,0,1,1,100,0.85,0.85,0,0,,,0,0,,,,,,2016-17
145,Rodrigo Ely,br BRA,DF,Alavés,22,1993,8.8,1,8,1,12.5,0.91,0.11,0.13,1,,,0,0,,,,,,2016-17
146,Youssef En-Nesyri,ma MAR,FW,Málaga,19,1997,3.7,1,15,7,46.7,4.02,1.87,0.07,0.14,,,0,0,,,,,,2016-17
147,Sergi Enrich,es ESP,FW,Eibar,26,1990,31.4,11,64,26,40.6,2.04,0.83,0.17,0.42,,,0,0,,,,,,2016-17
148,Juanan Entrena,es ESP,MF,Granada,20,1996,1.1,0,6,2,33.3,5.24,1.75,0,0,,,0,0,,,,,,2016-17
149,Javier Eraso,es ESP,MF,Athletic Club,26,1990,4.2,0,5,0,0,1.19,0,0,,,,0,0,,,,,,2016-17
150,Gonzalo Escalante,ar ARG,MF,Eibar,23,1993,22.4,2,24,6,25,1.07,0.27,0.08,0.33,,,0,0,,,,,,2016-17
151,Sergio Escudero,es ESP,DFMF,Sevilla,26,1989,25.4,0,33,11,33.3,1.3,0.43,0,0,,,0,0,,,,,,2016-17
152,Cristian Espinoza,ar ARG,MF,Alavés,21,1995,1.8,0,2,1,50,1.1,0.55,0,0,,,0,0,,,,,,2016-17
153,Pervis Estupiñán,ec ECU,DF,Granada,18,1998,2,0,1,1,100,0.5,0.5,0,0,,,0,0,,,,,,2016-17
154,Beñat Etxebarria,es ESP,MF,Athletic Club,29,1987,26.7,1,35,11,31.4,1.31,0.41,0.03,0.09,,,0,0,,,,,,2016-17
155,Xabier Etxeita,es ESP,DF,Athletic Club,28,1987,7.9,0,3,1,33.3,0.38,0.13,0,0,,,0,0,,,,,,2016-17
156,Edu Expósito,es ESP,MF,La Coruña,19,1996,0.5,0,1,0,0,2.05,0,0,,,,0,0,,,,,,2016-17
157,Erik Expósito,es ESP,FW,Las Palmas,20,1996,1.8,0,1,1,100,0.54,0.54,0,0,,,0,0,,,,,,2016-17
158,Fayçal Fajr,ma MAR,MF,La Coruña,27,1988,13.4,0,20,8,40,1.49,0.6,0,0,,,0,1,,,,,,2016-17
159,Zouhair Feddal,ma MAR,DF,Alavés,27,1989,24.9,2,10,4,40,0.4,0.16,0.2,0.5,,,0,0,,,,,,2016-17
160,Kiko Femenía,es ESP,DF,Alavés,25,1991,27.8,0,5,1,20,0.18,0.04,0,0,,,0,0,,,,,,2016-17
161,Álvaro Fernández,es ESP,GK,Osasuna,18,1998,0.5,0,0,0,,0,0,,,,,0,0,,,,,,2016-17
162,Andrés Fernández,es ESP,GK,Villarreal,29,1986,14.6,0,0,0,,0,0,,,,,0,0,,,,,,2016-17
163,Augusto Fernández,ar ARG,MF,Atlético Madrid,30,1986,1.6,0,0,0,,0,0,,,,,0,0,,,,,,2016-17
164,Carlos Fernández,es ESP,FW,Sevilla,20,1996,1,1,3,2,66.7,3.03,2.02,0.33,0.5,,,0,0,,,,,,2016-17
165,Mario Fernández,es ESP,GK,Osasuna,28,1988,6.5,0,0,0,,0,0,,,,,0,0,,,,,,2016-17
166,Pablo Fernández,es ESP,MF,Sporting Gijón,19,1996,0.2,0,1,0,0,4.09,0,0,,,,0,0,,,,,,2016-17
167,Javier Flaño,es ESP,DF,Osasuna,31,1984,1.5,0,1,0,0,0.69,0,0,,,,0,0,,,,,,2016-17
168,Miguel Flaño,es ESP,DF,Osasuna,31,1984,11.5,1,6,2,33.3,0.52,0.17,0.17,0.5,,,0,0,,,,,,2016-17
169,Andreu Fontàs,es ESP,DF,Celta Vigo,26,1989,16.2,1,3,1,33.3,0.18,0.06,0.33,1,,,0,0,,,,,,2016-17
170,Pablo Fornals,es ESP,MF,Málaga,20,1996,29.6,6,41,10,24.4,1.38,0.34,0.15,0.6,,,0,0,,,,,,2016-17
171,Dimitri Foulquier,fr FRA,DF,Granada,23,1993,20.8,0,3,0,0,0.14,0,0,,,,0,0,,,,,,2016-17
172,Javi Fuego,es ESP,MF,Espanyol,32,1984,28.5,1,10,3,30,0.35,0.11,0.1,0.33,,,0,0,,,,,,2016-17
173,Gabi,es ESP,MF,Atlético Madrid,33,1983,32.1,0,25,5,20,0.78,0.16,0,0,,,0,1,,,,,,2016-17
174,Gabriel,br BRA,MFFW,Leganés,22,1993,30.5,5,56,18,32.1,1.84,0.59,0.09,0.28,,,0,0,,,,,,2016-17
175,Nicolás Gaitán,ar ARG,MF,Atlético Madrid,28,1988,11.4,3,10,7,70,0.88,0.61,0.3,0.43,,,0,0,,,,,,2016-17
176,Álex Gálvez,es ESP,DF,Eibar,27,1989,14.8,0,5,2,40,0.34,0.14,0,0,,,0,0,,,,,,2016-17
177,Bruno Gama,pt POR,MF,La Coruña,28,1987,16,0,27,7,25.9,1.69,0.44,0,0,,,0,0,,,,,,2016-17
178,Kévin Gameiro,fr FRA,FW,Atlético Madrid,29,1987,19,12,50,23,46,2.64,1.21,0.22,0.48,,,1,1,,,,,,2016-17
179,Ganso,br BRA,MF,Sevilla,26,1989,5.4,2,11,6,54.5,2.04,1.11,0.18,0.33,,,0,0,,,,,,2016-17
180,Ezequiel Garay,ar ARG,DF,Valencia,29,1986,26,4,12,7,58.3,0.46,0.27,0.33,0.57,,,0,0,,,,,,2016-17
181,Dani García,es ESP,MF,Eibar,26,1990,35.4,1,20,3,15,0.57,0.08,0.05,0.33,,,0,0,,,,,,2016-17
182,David García,es ESP,DF,Las Palmas,34,1982,18.3,1,11,4,36.4,0.6,0.22,0.09,0.25,,,0,0,,,,,,2016-17
183,David García,es ESP,DF,Osasuna,22,1994,24.3,1,9,4,44.4,0.37,0.16,0.11,0.25,,,0,0,,,,,,2016-17
184,Imanol García,es ESP,MFDF,Osasuna,20,1995,5.8,0,5,0,0,0.86,0,0,,,,0,0,,,,,,2016-17
185,Manu García,es ESP,MF,Alavés,30,1986,22.3,3,25,7,28,1.12,0.31,0.08,0.29,,,1,1,,,,,,2016-17
186,Mateo García,ar ARG,FWMF,Las Palmas,19,1996,8,2,8,3,37.5,0.99,0.37,0.25,0.67,,,0,0,,,,,,2016-17
187,Raúl García,es ESP,MF,Athletic Club,30,1986,31.9,10,96,40,41.7,3.01,1.25,0.07,0.18,,,3,3,,,,,,2016-17
188,Raúl García,es ESP,DF,Alavés,27,1989,14.1,0,3,0,0,0.21,0,0,,,,0,0,,,,,,2016-17
189,Samu García,es ESP,MF,Leganés,26,1990,5.9,0,8,1,12.5,1.36,0.17,0,0,,,0,0,,,,,,2016-17
190,Unai García,es ESP,DF,Osasuna,24,1992,20.8,0,9,0,0,0.43,0,0,,,,0,0,,,,,,2016-17
191,Mario Gaspar,es ESP,DF,Villarreal,25,1990,36,0,33,12,36.4,0.92,0.33,0,0,,,0,0,,,,,,2016-17
192,Jon Gaztañaga,es ESP,DFMF,Real Sociedad,25,1991,0.3,0,1,0,0,3.46,0,0,,,,0,0,,,,,,2016-17
193,Carles Gil,es ESP,MF,La Coruña,23,1992,15.6,1,17,6,35.3,1.09,0.38,0.06,0.17,,,0,0,,,,,,2016-17
194,Nacho Gil,es ESP,MF,Valencia,20,1995,0,0,0,0,,0,0,,,,,0,0,,,,,,2016-17
195,Dani Giménez,es ESP,GK,Betis,33,1983,1,0,0,0,,0,0,,,,,0,0,,,,,,2016-17
196,Diego Godín,uy URU,DF,Atlético Madrid,30,1986,30.1,3,29,7,24.1,0.96,0.23,0.1,0.43,,,0,0,,,,,,2016-17
197,André Gomes,pt POR,MF,Barcelona,23,1993,17.7,3,19,7,36.8,1.07,0.4,0.16,0.43,,,0,0,,,,,,2016-17
198,Ibai Gómez,es ESP,MF,Alavés,26,1989,20.2,5,51,21,41.2,2.53,1.04,0.1,0.24,,,0,0,,,,,,2016-17
199,Moi Gómez,es ESP,MF,Sporting Gijón,22,1994,20.7,2,21,6,28.6,1.01,0.29,0.05,0.17,,,1,1,,,,,,2016-17
200,Sergi Gómez,es ESP,DF,Celta Vigo,24,1992,21.2,0,3,1,33.3,0.14,0.05,0,0,,,0,0,,,,,,2016-17
201,Vicente Gómez,es ESP,MF,Las Palmas,27,1988,25.7,2,23,10,43.5,0.9,0.39,0.09,0.2,,,0,0,,,,,,2016-17
202,Adrián González,es ESP,MF,Eibar,28,1988,17,7,43,20,46.5,2.53,1.18,0.05,0.1,,,5,5,,,,,,2016-17
203,Álvaro González,es ESP,DF,Villarreal,26,1990,21,1,7,2,28.6,0.33,0.1,0.14,0.5,,,0,0,,,,,,2016-17
204,Álvaro González,es ESP,DF,Espanyol,26,1990,2,0,2,0,0,1,0,0,,,,0,0,,,,,,2016-17
205,Bruno González,es ESP,DF,Betis,26,1990,14.8,1,3,1,33.3,0.2,0.07,0.33,1,,,0,0,,,,,,2016-17
206,Diego González,es ESP,DF,Sevilla,21,1995,0.4,0,0,0,,0,0,,,,,0,0,,,,,,2016-17
207,Mario González,es ESP,FW,Villarreal,20,1996,0.3,0,0,0,,0,0,,,,,0,0,,,,,,2016-17
208,Mikel González,es ESP,DF,Real Sociedad,30,1985,7.4,0,2,0,0,0.27,0,0,,,,0,0,,,,,,2016-17
209,Esteban Granero,es ESP,MF,Real Sociedad,29,1987,7.7,0,10,3,30,1.29,0.39,0,0,,,0,0,,,,,,2016-17
210,Antoine Griezmann,fr FRA,FW,Atlético Madrid,25,1991,33.9,16,88,41,46.6,2.59,1.21,0.18,0.39,,,0,2,,,,,,2016-17
211,John Guidetti,se SWE,FW,Celta Vigo,24,1992,11.8,4,19,9,47.4,1.61,0.76,0.16,0.33,,,1,1,,,,,,2016-17
212,Guilherme,br BRA,MF,La Coruña,25,1991,25.3,2,29,6,20.7,1.15,0.24,0.07,0.33,,,0,0,,,,,,2016-17
213,Jon Guridi,es ESP,MF,Real Sociedad,21,1995,0.8,0,0,0,,0,0,,,,,0,0,,,,,,2016-17
214,Felipe Gutiérrez,cl CHI,MF,Betis,25,1990,8.4,1,7,2,28.6,0.83,0.24,0.14,0.5,,,0,0,,,,,,2016-17
215,Munir El Haddadi,ma MAR,FWMF,Barcelona,20,1995,0.2,0,0,0,,0,0,,,,,0,0,,,,,,2016-17
216,Munir El Haddadi,ma MAR,FWMF,Valencia,20,1995,22.6,6,49,19,38.8,2.17,0.84,0.12,0.32,,,0,0,,,,,,2016-17
217,Alen Halilović,hr CRO,MFFW,Las Palmas,20,1996,7.2,0,17,7,41.2,2.35,0.97,0,0,,,0,0,,,,,,2016-17
218,Uche Henry Agbo,ng NGA,MF,Granada,20,1995,26.4,0,13,2,15.4,0.49,0.08,0,0,,,0,0,,,,,,2016-17
219,Hernán,es ESP,MF,Las Palmas,25,1990,3.2,0,6,0,0,1.85,0,0,,,,0,0,,,,,,2016-17
220,Héctor Hernández,es ESP,DFMF,Granada,25,1991,10.1,0,3,0,0,0.3,0,0,,,,0,0,,,,,,2016-17
221,Héctor Hernández,es ESP,DF,Real Sociedad,25,1991,2.8,0,3,0,0,1.06,0,0,,,,0,0,,,,,,2016-17
222,Lucas Hernández,fr FRA,DF,Atlético Madrid,20,1996,13.9,0,1,0,0,0.07,0,0,,,,0,0,,,,,,2016-17
223,Luis Hernández,es ESP,DF,Málaga,27,1989,18.6,1,4,3,75,0.21,0.16,0.25,0.33,,,0,0,,,,,,2016-17
224,Pablo Hernández,cl CHI,MF,Celta Vigo,29,1986,21.1,1,13,3,23.1,0.62,0.14,0.08,0.33,,,0,0,,,,,,2016-17
225,Theo Hernández,fr FRA,DF,Alavés,18,1997,30.3,1,26,8,30.8,0.86,0.26,0.04,0.13,,,0,0,,,,,,2016-17
226,Iago Herrerín,es ESP,GK,Leganés,28,1988,20.3,0,0,0,,0,0,,,,,0,0,,,,,,2016-17
227,Andrew Hjulsager,dk DEN,MF,Celta Vigo,21,1995,2.9,1,9,3,33.3,3.12,1.04,0.11,0.33,,,0,0,,,,,,2016-17
228,Martin Hongla,cm CMR,DFMF,Granada,18,1998,8.8,0,4,1,25,0.45,0.11,0,0,,,0,0,,,,,,2016-17
229,Robert Ibáñez,es ESP,MF,Leganés,23,1993,1.9,2,8,3,37.5,4.21,1.58,0.25,0.67,,,0,0,,,,,,2016-17
230,Vicente Iborra,es ESP,MF,Sevilla,28,1988,16.5,7,31,14,45.2,1.88,0.85,0.19,0.43,,,1,1,,,,,,2016-17
231,Asier Illarramendi,es ESP,MF,Real Sociedad,26,1990,33.4,1,19,5,26.3,0.57,0.15,0.05,0.2,,,0,0,,,,,,2016-17
232,Sverrir Ingi Ingason,is ISL,DF,Granada,22,1993,16.4,1,5,1,20,0.31,0.06,0.2,1,,,0,0,,,,,,2016-17
233,Andrés Iniesta,es ESP,MF,Barcelona,32,1984,14.8,0,18,8,44.4,1.21,0.54,0,0,,,0,0,,,,,,2016-17
234,Pablo Insua,es ESP,DF,Leganés,22,1993,21.2,1,7,3,42.9,0.33,0.14,0.14,0.33,,,0,0,,,,,,2016-17
235,Takashi Inui,jp JPN,MF,Eibar,28,1988,23,3,44,20,45.5,1.91,0.87,0.07,0.15,,,0,0,,,,,,2016-17
236,Gorka Iraizoz,es ESP,GK,Athletic Club,35,1981,15.6,0,0,0,,0,0,,,,,0,0,,,,,,2016-17
237,Isco,es ESP,MFFW,Real Madrid,24,1992,18.2,10,32,15,46.9,1.76,0.83,0.31,0.67,,,0,0,,,,,,2016-17
238,Ander Iturraspe,es ESP,MF,Athletic Club,27,1989,12.9,0,4,1,25,0.31,0.08,0,0,,,0,0,,,,,,2016-17
239,Jesé,es ESP,MFFW,Las Palmas,23,1993,12.9,3,33,18,54.5,2.56,1.4,0.06,0.11,,,1,1,,,,,,2016-17
240,Joaquín,es ESP,FWMF,Betis,35,1981,18.6,3,26,9,34.6,1.4,0.48,0.12,0.33,,,0,0,,,,,,2016-17
241,Ola John,nl NED,MFFW,La Coruña,24,1992,3.9,0,8,3,37.5,2.04,0.76,0,0,,,0,0,,,,,,2016-17
242,Jony,es ESP,MF,Málaga,25,1991,13.8,2,31,9,29,2.24,0.65,0.03,0.11,,,1,1,,,,,,2016-17
243,Willian José,br BRA,FW,Real Sociedad,24,1991,22.9,12,70,28,40,3.05,1.22,0.13,0.32,,,3,3,,,,,,2016-17
244,Joselu,es ESP,FW,La Coruña,26,1990,10,5,31,15,48.4,3.1,1.5,0.16,0.33,,,0,0,,,,,,2016-17
245,Jota,es ESP,MF,Eibar,25,1991,2.3,0,3,0,0,1.33,0,0,,,,0,0,,,,,,2016-17
246,Stevan Jovetić,me MNE,FW,Sevilla,26,1989,13.4,6,58,23,39.7,4.33,1.72,0.1,0.26,,,0,1,,,,,,2016-17
247,Jozabed,es ESP,MF,Celta Vigo,25,1991,12.1,2,16,7,43.8,1.32,0.58,0.13,0.29,,,0,0,,,,,,2016-17
248,Juanfran,es ESP,DF,La Coruña,27,1988,32.8,0,24,6,25,0.73,0.18,0,0,,,0,0,,,,,,2016-17
249,Juanfran,es ESP,DF,Atlético Madrid,31,1985,22,0,3,1,33.3,0.14,0.05,0,0,,,0,0,,,,,,2016-17
250,Juankar,es ESP,DFMF,Málaga,26,1990,22.9,2,16,7,43.8,0.7,0.31,0.13,0.29,,,0,0,,,,,,2016-17
251,Juanmi,es ESP,FWMF,Real Sociedad,23,1993,20.1,11,48,20,41.7,2.39,1,0.23,0.55,,,0,0,,,,,,2016-17
252,Juanpi,ve VEN,MFFW,Málaga,22,1994,16.4,2,41,11,26.8,2.51,0.67,0.05,0.18,,,0,0,,,,,,2016-17
253,David Juncà,es ESP,DF,Eibar,22,1993,7.6,0,4,0,0,0.53,0,0,,,,0,0,,,,,,2016-17
254,Gaël Kakuta,cd COD,MF,La Coruña,25,1991,6,2,11,3,27.3,1.84,0.5,0.18,0.67,,,0,0,,,,,,2016-17
255,Carlos Kameni,cm CMR,GK,Málaga,32,1984,35,0,0,0,,0,0,,,,,0,0,,,,,,2016-17
256,Aleksandar Katai,rs SRB,MFFW,Alavés,25,1991,8.6,3,22,7,31.8,2.55,0.81,0.14,0.43,,,0,0,,,,,,2016-17
257,Keko,es ESP,MF,Málaga,24,1991,11.7,0,18,4,22.2,1.54,0.34,0,0,,,0,0,,,,,,2016-17
258,Kike,es ESP,FW,Eibar,26,1989,17,7,27,19,70.4,1.59,1.12,0.26,0.37,,,0,0,,,,,,2016-17
259,Hiroshi Kiyotake,jp JPN,MFFW,Sevilla,26,1989,3.2,1,2,1,50,0.63,0.32,0.5,1,,,0,0,,,,,,2016-17
260,Kenan Kodro,ba BIH,FW,Osasuna,22,1993,16.3,7,39,15,38.5,2.39,0.92,0.18,0.47,,,0,0,,,,,,2016-17
261,Koke,es ESP,MF,Atlético Madrid,24,1992,35.2,4,27,10,37,0.77,0.28,0.15,0.4,,,0,0,,,,,,2016-17
262,Timothée Kolodziejczak,fr FRA,DF,Sevilla,24,1991,3.7,0,3,0,0,0.82,0,0,,,,0,0,,,,,,2016-17
263,Bakary Koné,bf BFA,DF,Málaga,28,1988,6.7,0,1,0,0,0.15,0,0,,,,0,0,,,,,,2016-17
264,Mamadou Koné,ci CIV,FW,Leganés,24,1991,1.9,0,4,1,25,2.08,0.52,0,0,,,0,0,,,,,,2016-17
265,Panagiotis Kone,gr GRE,MF,Granada,29,1987,0.5,0,0,0,,0,0,,,,,0,0,,,,,,2016-17
266,Mateo Kovačić,hr CRO,MF,Real Madrid,22,1994,19.8,1,14,5,35.7,0.71,0.25,0.07,0.2,,,0,0,,,,,,2016-17
267,Matías Kranevitter,ar ARG,MF,Sevilla,23,1993,14.3,0,3,0,0,0.21,0,0,,,,0,0,,,,,,2016-17
268,Artem Kravets,ua UKR,FW,Granada,27,1989,15.3,5,40,13,32.5,2.62,0.85,0.13,0.38,,,0,0,,,,,,2016-17
269,Rene Krhin,si SVN,MF,Granada,26,1990,10.4,0,3,1,33.3,0.29,0.1,0,0,,,0,0,,,,,,2016-17
270,Michael Krohn-Dehli,dk DEN,MFFW,Sevilla,33,1983,1.9,0,3,0,0,1.59,0,0,,,,0,0,,,,,,2016-17
271,Toni Kroos,de GER,MF,Real Madrid,26,1990,27.7,3,33,12,36.4,1.19,0.43,0.09,0.25,,,0,0,,,,,,2016-17
272,Nenad Krstičić,rs SRB,MF,Alavés,26,1990,8.3,2,3,2,66.7,0.36,0.24,0.67,1,,,0,0,,,,,,2016-17
273,Zdravko Kuzmanović,rs SRB,MF,Málaga,28,1987,2.4,0,4,0,0,1.68,0,0,,,,0,0,,,,,,2016-17
274,Víctor Laguardia,es ESP,DF,Alavés,26,1989,23.9,2,10,3,30,0.42,0.13,0.2,0.67,,,0,0,,,,,,2016-17
275,Aymeric Laporte,es ESP,DF,Athletic Club,22,1994,31.8,2,17,6,35.3,0.53,0.19,0.12,0.33,,,0,0,,,,,,2016-17
276,Miguel de las Cuevas,es ESP,MF,Osasuna,30,1986,20,0,22,6,27.3,1.1,0.3,0,0,,,0,0,,,,,,2016-17
277,Toni Lato,es ESP,DF,Valencia,18,1997,5.4,0,0,0,,0,0,,,,,0,0,,,,,,2016-17
278,Laure,es ESP,DF,La Coruña,31,1985,4.7,0,0,0,,0,0,,,,,0,0,,,,,,2016-17
279,Florian Lejeune,fr FRA,DF,Eibar,25,1991,33,1,28,11,39.3,0.85,0.33,0.04,0.09,,,0,0,,,,,,2016-17
280,Iñigo Lekue,es ESP,MFDF,Athletic Club,23,1993,17.5,2,19,5,26.3,1.09,0.29,0.11,0.4,,,0,0,,,,,,2016-17
281,Álvaro Lemos,es ESP,DFMF,Celta Vigo,23,1993,4.9,1,3,1,33.3,0.62,0.21,0.33,1,,,0,0,,,,,,2016-17
282,Mauricio Lemos,uy URU,DF,Las Palmas,20,1995,20.6,5,19,10,52.6,0.92,0.49,0.26,0.5,,,0,0,,,,,,2016-17
283,Clément Lenglet,fr FRA,DF,Sevilla,21,1995,15.1,0,1,1,100,0.07,0.07,0,0,,,0,0,,,,,,2016-17
284,Pedro León,es ESP,MF,Eibar,29,1986,33.4,10,85,38,44.7,2.55,1.14,0.11,0.24,,,1,3,,,,,,2016-17
285,Sergio León,es ESP,FW,Osasuna,27,1989,26.6,10,72,33,45.8,2.71,1.24,0.13,0.27,,,1,1,,,,,,2016-17
286,Lillo,es ESP,DF,Sporting Gijón,27,1989,23.7,0,5,2,40,0.21,0.08,0,0,,,0,0,,,,,,2016-17
287,Marko Livaja,hr CRO,FW,Las Palmas,22,1993,16,5,26,16,61.5,1.62,1,0.19,0.31,,,0,0,,,,,,2016-17
288,Raúl Lizoain,es ESP,GK,Las Palmas,25,1991,13,0,0,0,,0,0,,,,,0,0,,,,,,2016-17
289,Diego Llorente,es ESP,DFMF,Málaga,22,1993,22.5,2,11,5,45.5,0.49,0.22,0.18,0.4,,,0,0,,,,,,2016-17
290,Marcos Llorente,es ESP,MF,Alavés,21,1995,31.2,0,14,1,7.1,0.45,0.03,0,0,,,0,0,,,,,,2016-17
291,Raoul Loé,cm CMR,MF,Osasuna,27,1989,6.3,0,5,3,60,0.79,0.47,0,0,,,0,0,,,,,,2016-17
292,David Lombán,es ESP,DF,Granada,29,1987,20.5,2,10,2,20,0.49,0.1,0.2,1,,,0,0,,,,,,2016-17
293,Hélder Lopes,pt POR,DF,Las Palmas,27,1989,13.6,0,6,0,0,0.44,0,0,,,,0,0,,,,,,2016-17
294,Adrián López,es ESP,FWMF,Villarreal,28,1988,7.5,2,10,4,40,1.33,0.53,0.2,0.5,,,0,0,,,,,,2016-17
295,David López,es ESP,DFMF,Espanyol,26,1989,36,3,17,10,58.8,0.47,0.28,0.18,0.3,,,0,0,,,,,,2016-17
296,Diego López,es ESP,GK,Espanyol,34,1981,34.6,0,0,0,,0,0,,,,,0,0,,,,,,2016-17
297,Isma López,es ESP,DFMF,Sporting Gijón,26,1990,19.2,0,12,3,25,0.62,0.16,0,0,,,0,1,,,,,,2016-17
298,Javi López,es ESP,DF,Espanyol,30,1986,16.9,0,1,0,0,0.06,0,0,,,,0,0,,,,,,2016-17
299,Unai López,es ESP,MF,Leganés,20,1995,13,2,12,6,50,0.93,0.46,0.17,0.33,,,0,0,,,,,,2016-17
300,Alberto Lora,es ESP,DF,Sporting Gijón,29,1987,4.2,0,3,0,0,0.71,0,0,,,,0,0,,,,,,2016-17
301,Luciano,br BRA,FW,Leganés,23,1993,13.1,4,25,8,32,1.91,0.61,0.12,0.38,,,1,1,,,,,,2016-17
302,Filipe Luís,br BRA,DF,Atlético Madrid,30,1985,33.4,3,25,10,40,0.75,0.3,0.12,0.3,,,0,0,,,,,,2016-17
303,José Luis Gayà,es ESP,DF,Valencia,21,1995,23.2,1,14,8,57.1,0.6,0.34,0.07,0.13,,,0,0,,,,,,2016-17
304,Luisinho,pt POR,DFMF,La Coruña,31,1985,21.2,0,12,0,0,0.57,0,0,,,,0,0,,,,,,2016-17
305,Antonio Luna,es ESP,DF,Eibar,25,1991,23.5,1,3,1,33.3,0.13,0.04,0.33,1,,,0,0,,,,,,2016-17
306,Germán Lux,ar ARG,GK,La Coruña,34,1982,24.5,0,0,0,,0,0,,,,,0,0,,,,,,2016-17
307,Darwin Machís,ve VEN,MFFW,Leganés,23,1993,11.8,1,36,13,36.1,3.06,1.11,0.03,0.08,,,0,0,,,,,,2016-17
308,Aly Mallé,ml MLI,MFFW,Granada,18,1998,5.6,0,6,3,50,1.06,0.53,0,0,,,0,0,,,,,,2016-17
309,Hugo Mallo,es ESP,DF,Celta Vigo,25,1991,22.1,2,13,5,38.5,0.59,0.23,0.15,0.4,,,0,0,,,,,,2016-17
310,Aïssa Mandi,dz ALG,DF,Betis,24,1991,24.6,2,13,7,53.8,0.53,0.28,0.15,0.29,,,0,0,,,,,,2016-17
311,Eliaquim Mangala,fr FRA,DF,Valencia,25,1991,29.4,2,10,6,60,0.34,0.2,0.2,0.33,,,0,0,,,,,,2016-17
312,Martín Mantovani,ar ARG,DF,Leganés,32,1984,30,1,15,4,26.7,0.5,0.13,0.07,0.25,,,0,0,,,,,,2016-17
313,José Manuel Jurado,es ESP,MF,Espanyol,30,1986,27.3,3,35,12,34.3,1.28,0.44,0.09,0.25,,,0,0,,,,,,2016-17
314,Marcelo,br BRA,DF,Real Madrid,28,1988,25.3,2,25,4,16,0.99,0.16,0.08,0.5,,,0,0,,,,,,2016-17
315,Óscar de Marcos,es ESP,DF,Athletic Club,27,1989,23.9,1,10,3,30,0.42,0.13,0.1,0.33,,,0,0,,,,,,2016-17
316,José María Giménez,uy URU,DFMF,Atlético Madrid,21,1995,11.3,0,13,6,46.2,1.15,0.53,0,0,,,0,0,,,,,,2016-17
317,Mariano,do DOM,FW,Real Madrid,22,1993,1.4,1,5,1,20,3.63,0.73,0.2,1,,,0,0,,,,,,2016-17
318,Mariano,br BRA,DFMF,Sevilla,30,1986,29.4,0,9,3,33.3,0.31,0.1,0,0,,,0,0,,,,,,2016-17
319,Adrián Marín,es ESP,DF,Leganés,19,1997,10.1,0,7,3,42.9,0.69,0.3,0,0,,,0,0,,,,,,2016-17
320,Diego Mariño,es ESP,GK,Sporting Gijón,26,1990,2,0,0,0,,0,0,,,,,0,0,,,,,,2016-17
321,Marlon,br BRA,DF,Barcelona,20,1995,2,0,0,0,,0,0,,,,,0,0,,,,,,2016-17
322,Iván Márquez,es ESP,DF,Osasuna,22,1994,4,0,0,0,,0,0,,,,,0,0,,,,,,2016-17
323,Javi Márquez,es ESP,MF,Granada,30,1986,4.4,0,11,2,18.2,2.48,0.45,0,0,,,0,0,,,,,,2016-17
324,Aarón Martín,es ESP,DF,Espanyol,19,1997,28.7,0,3,1,33.3,0.1,0.03,0,0,,,0,0,,,,,,2016-17
325,Alberto Martín,es ESP,MF,Leganés,27,1989,13.2,0,4,0,0,0.3,0,0,,,,0,0,,,,,,2016-17
326,Jonas Martin,fr FRA,MF,Betis,26,1990,12.8,2,9,5,55.6,0.7,0.39,0.22,0.4,,,0,0,,,,,,2016-17
327,Álex Martínez,es ESP,DF,Betis,25,1990,10.7,0,8,3,37.5,0.74,0.28,0,0,,,0,0,,,,,,2016-17
328,Carlos Martínez,es ESP,DF,Real Sociedad,30,1986,9.7,0,1,1,100,0.1,0.1,0,0,,,0,0,,,,,,2016-17
329,Iñigo Martínez,es ESP,DF,Real Sociedad,25,1991,33.3,3,41,13,31.7,1.23,0.39,0.07,0.23,,,0,0,,,,,,2016-17
330,Luís Martins,pt POR,DF,Granada,24,1992,0.8,0,0,0,,0,0,,,,,0,0,,,,,,2016-17
331,Javier Mascherano,ar ARG,DF,Barcelona,32,1984,21.3,1,11,2,18.2,0.52,0.09,0,0,,,1,1,,,,,,2016-17
332,Jérémy Mathieu,fr FRA,DF,Barcelona,32,1983,11.5,1,5,1,20,0.43,0.09,0.2,1,,,0,0,,,,,,2016-17
333,Carl Medjani,dz ALG,DF,Leganés,31,1985,6.6,0,3,0,0,0.45,0,0,,,,0,0,,,,,,2016-17
334,Álvaro Medrán,es ESP,MF,Valencia,22,1994,10.6,2,13,4,30.8,1.23,0.38,0.15,0.5,,,0,0,,,,,,2016-17
335,Óscar Melendo,es ESP,MF,Espanyol,18,1997,3.4,0,1,0,0,0.29,0,0,,,,0,0,,,,,,2016-17
336,Tiago Mendes,pt POR,MF,Atlético Madrid,35,1981,5,1,5,2,40,1,0.4,0.2,0.5,,,0,0,,,,,,2016-17
337,Édgar Méndez,es ESP,MFFW,Alavés,26,1990,17.9,4,43,16,37.2,2.4,0.89,0.07,0.19,,,1,1,,,,,,2016-17
338,Gabriel Mercado,ar ARG,DF,Sevilla,29,1987,24.3,3,13,6,46.2,0.54,0.25,0.23,0.5,,,0,0,,,,,,2016-17
339,Jorge Meré,es ESP,DF,Sporting Gijón,19,1997,30.8,0,8,1,12.5,0.26,0.03,0,0,,,0,0,,,,,,2016-17
340,Fran Mérida,es ESP,MF,Osasuna,26,1990,9,1,16,4,25,1.77,0.44,0.06,0.25,,,0,0,,,,,,2016-17
341,Sabin Merino,es ESP,FWMF,Athletic Club,24,1992,4.9,1,17,4,23.5,3.48,0.82,0.06,0.25,,,0,0,,,,,,2016-17
342,Roque Mesa,es ESP,MF,Las Palmas,27,1989,33.7,1,23,8,34.8,0.68,0.24,0.04,0.13,,,0,0,,,,,,2016-17
343,Lionel Messi,ar ARG,FW,Barcelona,29,1987,31.4,37,179,77,43,5.69,2.45,0.17,0.4,,,6,7,,,,,,2016-17
344,Michel,br BRA,DF,Las Palmas,26,1990,23.2,0,10,0,0,0.43,0,0,,,,0,0,,,,,,2016-17
345,Santi Mina,es ESP,FWMF,Valencia,20,1995,15.7,6,33,15,45.5,2.11,0.96,0.18,0.4,,,0,0,,,,,,2016-17
346,Rafa Mir,es ESP,FW,Valencia,19,1997,0.1,0,1,0,0,12.86,0,0,,,,0,0,,,,,,2016-17
347,Luka Modrić,hr CRO,MF,Real Madrid,30,1985,21,1,20,10,50,0.95,0.48,0.05,0.1,,,0,0,,,,,,2016-17
348,Momo,es ESP,MFFW,Las Palmas,34,1982,13.8,3,12,5,41.7,0.87,0.36,0.17,0.4,,,1,1,,,,,,2016-17
349,Ángel Montoro,es ESP,MF,Las Palmas,28,1988,12.3,0,4,1,25,0.32,0.08,0,0,,,0,0,,,,,,2016-17
350,Martín Montoya,es ESP,DF,Valencia,25,1991,24.7,2,11,4,36.4,0.45,0.16,0.18,0.5,,,0,0,,,,,,2016-17
351,Walter Montoya,ar ARG,FW,Sevilla,23,1993,1.2,0,2,0,0,1.62,0,0,,,,0,0,,,,,,2016-17
352,Erik Morán,es ESP,MF,Leganés,25,1991,10.6,0,4,1,25,0.38,0.09,0,0,,,0,0,,,,,,2016-17
353,Álvaro Morata,es ESP,FW,Real Madrid,23,1992,14.8,15,54,30,55.6,3.64,2.02,0.28,0.5,,,0,0,,,,,,2016-17
354,Gerard Moreno,es ESP,FW,Espanyol,24,1992,36.4,13,82,33,40.2,2.25,0.91,0.16,0.39,,,0,1,,,,,,2016-17
355,Marlos Moreno,co COL,MFFW,La Coruña,19,1996,8.8,0,24,5,20.8,2.72,0.57,0,0,,,0,0,,,,,,2016-17
356,Pedro Mosquera,es ESP,MF,La Coruña,28,1988,17.4,3,10,4,40,0.58,0.23,0.3,0.75,,,0,0,,,,,,2016-17
357,Iker Muniain,es ESP,MF,Athletic Club,23,1992,26.7,7,41,18,43.9,1.53,0.67,0.17,0.39,,,0,0,,,,,,2016-17
358,Luis Muñoz,es ESP,DF,Málaga,19,1997,4.2,0,1,0,0,0.24,0,0,,,,0,0,,,,,,2016-17
359,Mateo Musacchio,ar ARG,DF,Villarreal,25,1990,22.9,0,8,0,0,0.35,0,0,,,,0,0,,,,,,2016-17
360,Charly Musonda Jr.,be BEL,MF,Betis,19,1996,3.2,0,6,2,33.3,1.9,0.63,0,0,,,0,0,,,,,,2016-17
361,Shkodran Mustafi,de GER,DF,Valencia,24,1992,0.5,0,1,0,0,2,0,0,,,,0,0,,,,,,2016-17
362,Alfred N'Diaye,sn SEN,MF,Villarreal,26,1990,1.3,0,1,0,0,0.78,0,0,,,,0,0,,,,,,2016-17
363,Nacho,es ESP,DF,Real Madrid,26,1990,25.6,2,8,5,62.5,0.31,0.2,0.25,0.4,,,0,0,,,,,,2016-17
364,Matías Nahuel,es ESP,FWMF,Betis,19,1996,1.7,0,1,0,0,0.58,0,0,,,,0,0,,,,,,2016-17
365,Nani,pt POR,MFFW,Valencia,29,1986,20.7,5,68,18,26.5,3.28,0.87,0.06,0.22,,,1,1,,,,,,2016-17
366,Nano,es ESP,FW,Eibar,21,1995,1.8,1,7,3,42.9,3.91,1.68,0.14,0.33,,,0,0,,,,,,2016-17
367,Samir Nasri,fr FRA,MFFW,Sevilla,29,1987,20.4,2,25,11,44,1.22,0.54,0.08,0.18,,,0,1,,,,,,2016-17
368,Fernando Navarro,es ESP,DF,La Coruña,34,1982,22.8,0,4,0,0,0.18,0,0,,,,0,0,,,,,,2016-17
369,Marc Navarro,es ESP,DF,Espanyol,21,1995,8.8,2,16,3,18.8,1.83,0.34,0.13,0.67,,,0,0,,,,,,2016-17
370,Rafa Navarro,es ESP,DF,Betis,22,1994,14.2,2,7,5,71.4,0.49,0.35,0.29,0.4,,,0,0,,,,,,2016-17
371,Keylor Navas,cr CRC,GK,Real Madrid,29,1986,27,0,0,0,,0,0,,,,,0,0,,,,,,2016-17
372,Raúl Navas,es ESP,DF,Real Sociedad,28,1988,31.1,1,26,5,19.2,0.84,0.16,0.04,0.2,,,0,0,,,,,,2016-17
373,Dani Ndi,cm CMR,MF,Sporting Gijón,20,1995,1.7,0,3,0,0,1.76,0,0,,,,0,0,,,,,,2016-17
374,Neymar,br BRA,FW,Barcelona,24,1992,29.4,13,105,42,40,3.57,1.43,0.11,0.29,,,1,1,,,,,,2016-17
375,Saúl Ñíguez,es ESP,MF,Atlético Madrid,21,1994,28.2,4,47,14,29.8,1.66,0.5,0.09,0.29,,,0,0,,,,,,2016-17
376,Steven Nzonzi,fr FRA,MF,Sevilla,27,1988,34.1,2,32,12,37.5,0.94,0.35,0.06,0.17,,,0,0,,,,,,2016-17
377,Jan Oblak,si SVN,GK,Atlético Madrid,23,1993,29.4,0,0,0,,0,0,,,,,0,0,,,,,,2016-17
378,Guillermo Ochoa,mx MEX,GK,Granada,31,1985,38,0,0,0,,0,0,,,,,0,0,,,,,,2016-17
379,Álvaro Odriozola,es ESP,DF,Real Sociedad,20,1995,14.2,0,1,0,0,0.07,0,0,,,,0,0,,,,,,2016-17
380,Miguel Olavide,es ESP,MFDF,Osasuna,20,1996,5.5,1,4,1,25,0.73,0.18,0.25,1,,,0,0,,,,,,2016-17
381,Weligton Oliveira,br BRA,DF,Málaga,36,1979,1,0,0,0,,0,0,,,,,0,0,,,,,,2016-17
382,Javier Ontiveros,es ESP,MF,Málaga,18,1997,9.3,2,23,3,13,2.48,0.32,0.09,0.67,,,0,0,,,,,,2016-17
383,Fabián Orellana,cl CHI,MFFW,Valencia,30,1986,12.6,1,15,7,46.7,1.19,0.55,0.07,0.14,,,0,0,,,,,,2016-17
384,Fabián Orellana,cl CHI,MFFW,Celta Vigo,30,1986,5.8,2,11,6,54.5,1.9,1.03,0.18,0.33,,,0,0,,,,,,2016-17
385,Adrián Ortolá,es ESP,GK,Alavés,22,1993,2,0,0,0,,0,0,,,,,0,0,,,,,,2016-17
386,Antonio Otegui,es ESP,MF,Osasuna,18,1998,0.5,0,0,0,,0,0,,,,,0,0,,,,,,2016-17
387,Mikel Oyarzabal,es ESP,FWMF,Real Sociedad,19,1997,30.2,2,57,19,33.3,1.89,0.63,0.04,0.11,,,0,0,,,,,,2016-17
388,Fernando Pacheco,es ESP,GK,Alavés,24,1992,36,0,0,0,,0,0,,,,,0,0,,,,,,2016-17
389,Asdrúbal Padrón,es ESP,FWMF,Las Palmas,25,1991,0.4,0,0,0,,0,0,,,,,0,0,,,,,,2016-17
390,Aleksandar Pantić,rs SRB,DF,Alavés,24,1992,1.7,0,1,0,0,0.58,0,0,,,,0,0,,,,,,2016-17
391,Rubén Pardo,es ESP,MF,Real Sociedad,23,1992,1.8,0,0,0,,0,0,,,,,0,0,,,,,,2016-17
392,Rubén Pardo,es ESP,MF,Betis,23,1992,14.1,1,17,7,41.2,1.21,0.5,0.06,0.14,,,0,0,,,,,,2016-17
393,Nicolás Pareja,ar ARG,DF,Sevilla,32,1984,24,1,10,3,30,0.42,0.12,0.1,0.33,,,0,0,,,,,,2016-17
394,Daniel Parejo,es ESP,MF,Valencia,27,1989,35.5,5,50,26,52,1.41,0.73,0.04,0.08,,,3,5,,,,,,2016-17
395,Thomas Partey,gh GHA,MFDF,Atlético Madrid,23,1993,7.1,1,8,3,37.5,1.13,0.42,0.13,0.33,,,0,0,,,,,,2016-17
396,Alexandre Pato,br BRA,FW,Villarreal,26,1989,9.7,2,28,9,32.1,2.88,0.92,0.07,0.22,,,0,1,,,,,,2016-17
397,Rubén Peña,es ESP,MFFW,Eibar,25,1991,11.8,1,22,6,27.3,1.86,0.51,0.05,0.17,,,0,0,,,,,,2016-17
398,Adalberto Peñaranda,ve VEN,FW,Málaga,19,1997,1.9,0,0,0,,0,0,,,,,0,0,,,,,,2016-17
399,Pepe,pt POR,DF,Real Madrid,33,1983,12,2,5,2,40,0.42,0.17,0.4,1,,,0,0,,,,,,2016-17
400,Luis Perea,es ESP,MF,Osasuna,18,1997,0.2,0,0,0,,0,0,,,,,0,0,,,,,,2016-17
401,Andreas Pereira,br BRA,MF,Granada,20,1996,31.3,5,75,26,34.7,2.39,0.83,0.07,0.19,,,0,0,,,,,,2016-17
402,Enzo Pérez,ar ARG,MF,Valencia,30,1986,24.3,0,11,2,18.2,0.45,0.08,0,0,,,0,0,,,,,,2016-17
403,Hernán Pérez,py PAR,MF,Espanyol,27,1989,19.9,3,27,7,25.9,1.36,0.35,0.11,0.43,,,0,0,,,,,,2016-17
404,Lucas Pérez,es ESP,FW,La Coruña,27,1988,1,1,3,1,33.3,3,1,0,0,,,1,1,,,,,,2016-17
405,Nauzet Pérez,es ESP,GK,Osasuna,31,1985,13,0,0,0,,0,0,,,,,0,0,,,,,,2016-17
406,Rubén Pérez,es ESP,MF,Leganés,27,1989,25.9,0,19,4,21.1,0.73,0.15,0,0,,,0,0,,,,,,2016-17
407,Petros,br BRA,MF,Betis,27,1989,23.8,1,13,2,15.4,0.55,0.08,0.08,0.5,,,0,0,,,,,,2016-17
408,Germán Pezzella,ar ARG,DF,Betis,25,1991,34.4,1,17,7,41.2,0.49,0.2,0.06,0.14,,,0,0,,,,,,2016-17
409,Pablo Piatti,ar ARG,MF,Espanyol,27,1989,25.9,10,40,19,47.5,1.54,0.73,0.23,0.47,,,1,1,,,,,,2016-17
410,Cristiano Piccini,it ITA,DF,Betis,23,1992,19.3,2,15,3,20,0.78,0.16,0.13,0.67,,,0,0,,,,,,2016-17
411,Pinchi,es ESP,FWMF,La Coruña,20,1996,0,0,0,0,,0,0,,,,,0,0,,,,,,2016-17
412,Gerard Piqué,es ESP,DF,Barcelona,29,1987,24.3,2,19,8,42.1,0.78,0.33,0.11,0.25,,,0,0,,,,,,2016-17
413,Carles Planas,es ESP,DF,Celta Vigo,25,1991,10.5,0,2,0,0,0.19,0,0,,,,0,0,,,,,,2016-17
414,Ezequiel Ponce,ar ARG,FW,Granada,19,1997,12.6,2,37,8,21.6,2.93,0.63,0.05,0.25,,,0,1,,,,,,2016-17
415,Xabi Prieto,es ESP,MF,Real Sociedad,32,1983,31.3,8,34,14,41.2,1.09,0.45,0.21,0.5,,,1,1,,,,,,2016-17
416,Nemanja Radoja,rs SRB,MF,Celta Vigo,23,1993,26.9,1,9,4,44.4,0.34,0.15,0.11,0.25,,,0,0,,,,,,2016-17
417,Juan Rafael Fuentes,es ESP,DF,Osasuna,26,1990,14.3,0,1,1,100,0.07,0.07,0,0,,,0,0,,,,,,2016-17
418,Rafinha,br BRA,MF,Barcelona,23,1993,11.9,6,25,10,40,2.1,0.84,0.24,0.6,,,0,0,,,,,,2016-17
419,Ivan Rakitić,hr CRO,MF,Barcelona,28,1988,26,8,48,16,33.3,1.85,0.62,0.17,0.5,,,0,0,,,,,,2016-17
420,Adil Rami,fr FRA,DF,Sevilla,30,1985,19.8,0,11,2,18.2,0.56,0.1,0,0,,,0,0,,,,,,2016-17
421,Benito Ramírez,es ESP,DFMF,Las Palmas,21,1995,0.2,0,0,0,,0,0,,,,,0,0,,,,,,2016-17
422,Sandro Ramírez,es ESP,FW,Málaga,21,1995,25.6,14,92,37,40.2,3.59,1.44,0.15,0.38,,,0,1,,,,,,2016-17
423,Iván Ramis,es ESP,DF,Eibar,31,1984,19.1,3,9,6,66.7,0.47,0.31,0.33,0.5,,,0,0,,,,,,2016-17
424,Adrián Ramos,co COL,FW,Granada,30,1986,12.5,4,23,12,52.2,1.84,0.96,0.17,0.33,,,0,0,,,,,,2016-17
425,Omar Ramos,es ESP,MF,Leganés,28,1988,10.8,0,14,2,14.3,1.3,0.19,0,0,,,0,0,,,,,,2016-17
426,Sergio Ramos,es ESP,DF,Real Madrid,30,1986,27.6,7,35,10,28.6,1.27,0.36,0.2,0.7,,,0,0,,,,,,2016-17
427,Recio,es ESP,MF,Málaga,25,1991,15,3,15,8,53.3,1,0.53,0.13,0.25,,,1,1,,,,,,2016-17
428,Diego Reyes,mx MEX,DF,Espanyol,23,1992,32.1,1,9,5,55.6,0.28,0.16,0.11,0.2,,,0,0,,,,,,2016-17
429,Federico Ricca,uy URU,DF,Málaga,21,1994,18,0,11,1,9.1,0.61,0.06,0,0,,,0,0,,,,,,2016-17
430,Diego Rico,es ESP,DF,Leganés,23,1993,24.7,1,16,3,18.8,0.65,0.12,0.06,0.33,,,0,0,,,,,,2016-17
431,Fran Rico,es ESP,MF,Eibar,28,1987,13.6,2,13,5,38.5,0.95,0.37,0.15,0.4,,,0,0,,,,,,2016-17
432,Mikel Rico,es ESP,MF,Athletic Club,31,1984,5.3,1,10,2,20,1.87,0.37,0.1,0.5,,,0,0,,,,,,2016-17
433,Sergio Rico,es ESP,GK,Sevilla,22,1993,35,0,0,0,,0,0,,,,,0,0,,,,,,2016-17
434,Oriol Riera,es ESP,FW,Osasuna,30,1986,16.2,4,39,16,41,2.41,0.99,0.1,0.25,,,0,0,,,,,,2016-17
435,Asier Riesgo,es ESP,GK,Eibar,32,1983,13.9,0,0,0,,0,0,,,,,0,0,,,,,,2016-17
436,Cristian Rivera,es ESP,MF,Eibar,19,1997,8,0,6,1,16.7,0.75,0.12,0,0,,,0,0,,,,,,2016-17
437,Emmanuel Rivière,fr FRA,FWMF,Osasuna,26,1990,8.9,0,16,7,43.8,1.8,0.79,0,0,,,0,0,,,,,,2016-17
438,Roberto,es ESP,GK,Espanyol,30,1986,3.4,0,0,0,,0,0,,,,,0,0,,,,,,2016-17
439,Sergi Roberto,es ESP,DF,Barcelona,24,1992,26.5,0,16,5,31.3,0.6,0.19,0,0,,,0,0,,,,,,2016-17
440,Marc Roca,es ESP,MF,Espanyol,19,1996,14.7,0,13,3,23.1,0.89,0.2,0,0,,,0,0,,,,,,2016-17
441,Jean Carlos Silva Rocha,br BRA,FWMF,Granada,20,1996,0.3,0,1,0,0,3,0,0,,,,0,0,,,,,,2016-17
442,Rodri,es ESP,MF,Villarreal,20,1996,9.4,0,8,1,12.5,0.85,0.11,0,0,,,0,0,,,,,,2016-17
443,Rodrigo,es ESP,FWMF,Valencia,25,1991,15.4,5,31,11,35.5,2.01,0.71,0.16,0.45,,,0,0,,,,,,2016-17
444,Kévin Rodrigues,pt POR,DF,Real Sociedad,22,1994,1.2,0,3,1,33.3,2.6,0.87,0,0,,,0,0,,,,,,2016-17
445,James Rodríguez,co COL,MFFW,Real Madrid,25,1991,13.1,8,32,18,56.3,2.44,1.37,0.25,0.44,,,0,0,,,,,,2016-17
446,José Rodríguez,es ESP,MF,Málaga,21,1994,5,0,2,2,100,0.4,0.4,0,0,,,0,0,,,,,,2016-17
447,Juan Rodríguez,es ESP,DF,Sporting Gijón,21,1995,2.6,0,0,0,,0,0,,,,,0,0,,,,,,2016-17
448,Víctor Rodríguez,es ESP,MF,Sporting Gijón,27,1989,15.3,2,27,12,44.4,1.76,0.78,0.07,0.17,,,0,0,,,,,,2016-17
449,Davy Roef,be BEL,GK,La Coruña,22,1994,1,0,0,0,,0,0,,,,,0,0,,,,,,2016-17
450,Jaime Romero,es ESP,MFFW,Osasuna,26,1990,10,0,16,6,37.5,1.59,0.6,0,0,,,0,0,,,,,,2016-17
451,Óscar Romero,py PAR,MF,Alavés,24,1992,5.9,0,24,10,41.7,4.04,1.68,0,0,,,0,0,,,,,,2016-17
452,Cristiano Ronaldo,pt POR,FW,Real Madrid,31,1985,28.2,25,162,61,37.7,5.74,2.16,0.12,0.31,,,6,8,,,,,,2016-17
453,Facundo Roncaglia,ar ARG,DF,Celta Vigo,29,1987,30.2,2,19,5,26.3,0.63,0.17,0.11,0.4,,,0,0,,,,,,2016-17
454,Roberto Rosales,ve VEN,DF,Málaga,27,1988,31.8,1,19,5,26.3,0.6,0.16,0.05,0.2,,,0,0,,,,,,2016-17
455,Giuseppe Rossi,it ITA,FW,Celta Vigo,29,1987,8.8,4,25,10,40,2.83,1.13,0.16,0.4,,,0,0,,,,,,2016-17
456,Fabián Ruiz Peña,es ESP,MF,Betis,20,1996,1.7,0,1,0,0,0.59,0,0,,,,0,0,,,,,,2016-17
457,Víctor Ruiz,es ESP,DF,Villarreal,27,1989,26.3,1,6,2,33.3,0.23,0.08,0.17,0.5,,,0,0,,,,,,2016-17
458,Antonio Rukavina,rs SRB,DF,Villarreal,32,1984,3,0,1,0,0,0.33,0,0,,,,0,0,,,,,,2016-17
459,Gerónimo Rulli,ar ARG,GK,Real Sociedad,24,1992,38,0,0,0,,0,0,,,,,0,0,,,,,,2016-17
460,Mathew Ryan,au AUS,GK,Valencia,24,1992,2,0,0,0,,0,0,,,,,0,0,,,,,,2016-17
461,Enric Saborit,es ESP,DFMF,Athletic Club,24,1992,5.2,0,5,2,40,0.97,0.39,0,0,,,0,0,,,,,,2016-17
462,Sergi Samper,es ESP,MF,Granada,21,1995,14.2,0,7,3,42.9,0.49,0.21,0,0,,,0,0,,,,,,2016-17
463,Mikel San José,es ESP,MF,Athletic Club,27,1989,30,4,27,10,37,0.9,0.33,0.15,0.4,,,0,0,,,,,,2016-17
464,Antonio Sanabria,py PAR,FW,Betis,20,1996,16.6,4,36,10,27.8,2.17,0.6,0.11,0.4,,,0,0,,,,,,2016-17
465,Rubén Sánchez,es ESP,MF,Sporting Gijón,21,1994,0.5,0,2,0,0,4.39,0,0,,,,0,0,,,,,,2016-17
466,Víctor Sánchez,es ESP,DFMF,Espanyol,28,1987,25.3,1,10,2,20,0.39,0.08,0.1,0.5,,,0,0,,,,,,2016-17
467,Oier Sanjurjo,es ESP,DFMF,Osasuna,30,1986,35,0,8,2,25,0.23,0.06,0,0,,,0,0,,,,,,2016-17
468,Nicola Sansone,it ITA,FW,Villarreal,24,1991,23.5,8,47,19,40.4,2,0.81,0.15,0.37,,,1,1,,,,,,2016-17
469,Aderlan Santos,br BRA,DF,Valencia,27,1989,11.1,0,2,1,50,0.18,0.09,0,0,,,0,0,,,,,,2016-17
470,Christian Santos,ve VEN,FW,Alavés,28,1988,9.3,3,21,9,42.9,2.26,0.97,0.05,0.11,,,2,2,,,,,,2016-17
471,Michael Santos,uy URU,FWMF,Málaga,23,1993,8.2,3,20,8,40,2.44,0.97,0.1,0.25,,,1,2,,,,,,2016-17
472,Pablo Sarabia,es ESP,MF,Sevilla,24,1992,23.8,8,43,22,51.2,1.81,0.92,0.16,0.32,,,1,1,,,,,,2016-17
473,Lluís Sastre,es ESP,MF,Leganés,30,1986,1,0,0,0,,0,0,,,,,0,0,,,,,,2016-17
474,Matthieu Saunier,fr FRA,DF,Granada,26,1990,14.5,0,0,0,,0,0,,,,,0,0,,,,,,2016-17
475,Stefan Savić,me MNE,DF,Atlético Madrid,25,1991,30.3,1,3,1,33.3,0.1,0.03,0.33,1,,,0,0,,,,,,2016-17
476,Josep Señé,es ESP,MFFW,Celta Vigo,24,1991,7.4,0,15,3,20,2.04,0.41,0,0,,,0,0,,,,,,2016-17
477,Salva Sevilla,es ESP,MF,Espanyol,32,1984,3,0,1,0,0,0.34,0,0,,,,0,0,,,,,,2016-17
478,Sidnei,br BRA,DF,La Coruña,26,1989,27.6,1,13,1,7.7,0.47,0.04,0.08,1,,,0,0,,,,,,2016-17
479,Gabriel Silva,br BRA,DF,Granada,25,1991,10.8,0,1,0,0,0.09,0,0,,,,0,0,,,,,,2016-17
480,Gastón Silva,uy URU,DF,Granada,22,1994,19.4,0,6,1,16.7,0.31,0.05,0,0,,,0,0,,,,,,2016-17
481,David Simón,es ESP,DF,Las Palmas,27,1988,14.7,0,11,5,45.5,0.75,0.34,0,0,,,0,0,,,,,,2016-17
482,Dimitris Siovas,gr GRE,DF,Leganés,27,1988,15.4,1,9,3,33.3,0.58,0.19,0.11,0.33,,,0,0,,,,,,2016-17
483,Guilherme Siqueira,br BRA,DFMF,Valencia,30,1986,6,0,0,0,,0,0,,,,,0,0,,,,,,2016-17
484,Salvatore Sirigu,it ITA,GK,Osasuna,29,1987,18,0,0,0,,0,0,,,,,0,0,,,,,,2016-17
485,Salvatore Sirigu,it ITA,GK,Sevilla,29,1987,2,0,0,0,,0,0,,,,,0,0,,,,,,2016-17
486,Pione Sisto,dk DEN,MFFW,Celta Vigo,21,1995,18.5,3,29,13,44.8,1.57,0.7,0.1,0.23,,,0,0,,,,,,2016-17
487,Sito,es ESP,MF,Valencia,19,1996,0,0,0,0,,0,0,,,,,0,0,,,,,,2016-17
488,Rubén Sobrino,es ESP,MF,Alavés,24,1992,5.6,2,12,5,41.7,2.15,0.89,0.17,0.4,,,0,0,,,,,,2016-17
489,Roberto Soldado,es ESP,FW,Villarreal,31,1985,8.2,4,17,8,47.1,2.08,0.98,0.18,0.38,,,1,1,,,,,,2016-17
490,Carlos Soler,es ESP,MF,Valencia,19,1997,19.1,3,28,13,46.4,1.46,0.68,0.11,0.23,,,0,0,,,,,,2016-17
491,David Soria,es ESP,GK,Sevilla,23,1993,1,0,0,0,,0,0,,,,,0,0,,,,,,2016-17
492,Bruno Soriano,es ESP,MF,Villarreal,32,1984,33.2,5,18,9,50,0.54,0.27,0.06,0.11,,,4,5,,,,,,2016-17
493,Roberto Soriano,it ITA,MF,Villarreal,25,1991,27.2,9,41,21,51.2,1.51,0.77,0.22,0.43,,,0,0,,,,,,2016-17
494,Jhon Steven,co COL,DF,Osasuna,21,1994,4.8,2,4,2,50,0.84,0.42,0.5,1,,,0,0,,,,,,2016-17
495,Denis Suárez,es ESP,MF,Barcelona,22,1994,13.2,1,14,7,50,1.06,0.53,0.07,0.14,,,0,0,,,,,,2016-17
496,Leonardo Suárez,ar ARG,FWMF,Villarreal,20,1996,0.2,0,1,0,0,5,0,0,,,,0,0,,,,,,2016-17
497,Luis Suárez,uy URU,FW,Barcelona,29,1987,31.7,28,120,57,47.5,3.78,1.8,0.23,0.49,,,0,0,,,,,,2016-17
498,Mario Suárez,es ESP,MF,Valencia,29,1987,16.6,3,11,4,36.4,0.66,0.24,0.27,0.75,,,0,0,,,,,,2016-17
499,Markel Susaeta,es ESP,MF,Athletic Club,28,1987,12.4,1,16,4,25,1.29,0.32,0.06,0.25,,,0,0,,,,,,2016-17
500,Franck Tabanou,fr FRA,DF,Granada,27,1989,4.1,0,2,1,50,0.49,0.25,0,0,,,0,0,,,,,,2016-17
501,Tana,es ESP,MFFW,Las Palmas,25,1990,24.6,4,25,9,36,1.02,0.37,0.16,0.44,,,0,0,,,,,,2016-17
502,Álvaro Tejero,es ESP,DF,Real Madrid,20,1996,0,0,0,0,,0,0,,,,,0,0,,,,,,2016-17
503,Marc-André ter Stegen,de GER,GK,Barcelona,24,1992,36,0,0,0,,0,0,,,,,0,0,,,,,,2016-17
504,Fausto Tienza,es ESP,MF,Osasuna,26,1990,13.6,0,8,6,75,0.59,0.44,0,0,,,0,0,,,,,,2016-17
505,David Timor,es ESP,MF,Leganés,26,1989,20.8,2,18,5,27.8,0.87,0.24,0.11,0.4,,,0,0,,,,,,2016-17
506,Tito,es ESP,DFMF,Leganés,31,1985,9.7,0,4,0,0,0.41,0,0,,,,0,0,,,,,,2016-17
507,Tito,es ESP,DF,Granada,31,1985,11.1,0,3,0,0,0.27,0,0,,,,0,0,,,,,,2016-17
508,Gaizka Toquero,es ESP,MFFW,Alavés,31,1984,13.6,1,10,6,60,0.74,0.44,0.1,0.17,,,0,0,,,,,,2016-17
509,Jon Toral,es ESP,MF,Granada,21,1995,2.9,0,0,0,,0,0,,,,,0,0,,,,,,2016-17
510,Daniel Torres,co COL,MF,Alavés,26,1989,16,0,7,2,28.6,0.44,0.13,0,0,,,0,0,,,,,,2016-17
511,Fernando Torres,es ESP,FW,Atlético Madrid,32,1984,15.8,8,45,20,44.4,2.84,1.26,0.16,0.35,,,1,2,,,,,,2016-17
512,Miguel Torres,es ESP,DF,Málaga,30,1986,17.4,0,4,2,50,0.23,0.12,0,0,,,0,0,,,,,,2016-17
513,Roberto Torres,es ESP,MF,Osasuna,27,1989,25.6,7,64,23,35.9,2.5,0.9,0.06,0.17,,,3,5,,,,,,2016-17
514,Xavi Torres,es ESP,MF,Sporting Gijón,29,1986,9.6,0,7,3,42.9,0.73,0.31,0,0,,,0,0,,,,,,2016-17
515,Alin Toșca,ro ROU,DF,Betis,24,1992,16.7,0,3,0,0,0.18,0,0,,,,0,0,,,,,,2016-17
516,Lacina Traoré,ci CIV,FW,Sporting Gijón,26,1990,5.1,2,20,7,35,3.9,1.36,0.1,0.29,,,0,1,,,,,,2016-17
517,Manu Trigueros,es ESP,MF,Villarreal,24,1991,33.7,5,46,20,43.5,1.36,0.59,0.11,0.25,,,0,0,,,,,,2016-17
518,Arda Turan,tr TUR,FWMF,Barcelona,29,1987,13.8,3,14,5,35.7,1.01,0.36,0.21,0.6,,,0,0,,,,,,2016-17
519,Tyronne,es ESP,FWMF,Las Palmas,25,1991,0.5,0,0,0,,0,0,,,,,0,0,,,,,,2016-17
520,Przemysław Tytoń,pl POL,GK,La Coruña,29,1987,12.5,0,0,0,,0,0,,,,,0,0,,,,,,2016-17
521,Samuel Umtiti,fr FRA,DF,Barcelona,22,1993,23.7,1,6,2,33.3,0.25,0.08,0.17,0.5,,,0,0,,,,,,2016-17
522,Borja Valle,es ESP,MF,La Coruña,24,1992,2.3,0,5,1,20,2.17,0.43,0,0,,,0,0,,,,,,2016-17
523,Raphaël Varane,fr FRA,DF,Real Madrid,23,1993,21.4,1,12,2,16.7,0.56,0.09,0.08,0.5,,,0,0,,,,,,2016-17
524,Javi Varas,es ESP,GK,Las Palmas,33,1982,25,0,0,0,,0,0,,,,,0,0,,,,,,2016-17
525,Álvaro Vázquez,es ESP,MFFW,Espanyol,25,1991,3.5,0,5,1,20,1.42,0.28,0,0,,,0,0,,,,,,2016-17
526,Franco Vázquez,ar ARG,MF,Sevilla,27,1989,23.1,7,54,20,37,2.34,0.87,0.13,0.35,,,0,0,,,,,,2016-17
527,Lucas Vázquez,es ESP,FWMF,Real Madrid,25,1991,15.6,2,30,11,36.7,1.92,0.71,0.07,0.18,,,0,0,,,,,,2016-17
528,Carlos Vela,mx MEX,FWMF,Real Sociedad,27,1989,28.3,9,64,27,42.2,2.26,0.95,0.09,0.22,,,3,4,,,,,,2016-17
529,Mikel Vesga,es ESP,MF,Athletic Club,23,1993,3.2,0,3,0,0,0.94,0,0,,,,0,0,,,,,,2016-17
530,Mikel Vesga,es ESP,MF,Sporting Gijón,23,1993,15.7,1,11,2,18.2,0.7,0.13,0.09,0.5,,,0,0,,,,,,2016-17
531,Rúben Vezo,pt POR,DF,Granada,22,1994,16.5,0,7,4,57.1,0.42,0.24,0,0,,,0,0,,,,,,2016-17
532,Rúben Vezo,pt POR,DF,Valencia,22,1994,0.5,0,0,0,,0,0,,,,,0,0,,,,,,2016-17
533,Aleix Vidal,es ESP,DF,Barcelona,26,1989,5.3,2,9,4,44.4,1.7,0.76,0.22,0.5,,,0,0,,,,,,2016-17
534,Jonathan Viera,es ESP,MF,Las Palmas,26,1989,28.7,7,66,27,40.9,2.3,0.94,0.05,0.11,,,4,4,,,,,,2016-17
535,Luciano Vietto,ar ARG,FW,Sevilla,22,1993,14.6,6,31,13,41.9,2.13,0.89,0.19,0.46,,,0,0,,,,,,2016-17
536,Carlos Vigaray,es ESP,DF,Alavés,21,1994,10.5,0,2,0,0,0.19,0,0,,,,0,0,,,,,,2016-17
537,Borja Viguera,es ESP,FW,Athletic Club,29,1987,0.3,1,1,1,100,3.33,3.33,1,1,,,0,0,,,,,,2016-17
538,Borja Viguera,es ESP,FWMF,Sporting Gijón,29,1987,8.3,1,11,2,18.2,1.32,0.24,0.09,0.5,,,0,0,,,,,,2016-17
539,Asier Villalibre,es ESP,FW,Athletic Club,18,1997,0.9,0,1,0,0,1.15,0,0,,,,0,0,,,,,,2016-17
540,Mikel Villanueva,ve VEN,DF,Málaga,23,1993,14,0,4,2,50,0.28,0.14,0,0,,,0,0,,,,,,2016-17
541,Iván Villar,es ESP,GK,Celta Vigo,19,1997,1,0,0,0,,0,0,,,,,0,0,,,,,,2016-17
542,Vitolo,es ESP,MFFW,Sevilla,26,1989,25.9,6,31,14,45.2,1.2,0.54,0.19,0.43,,,0,0,,,,,,2016-17
543,Šime Vrsaljko,hr CRO,DF,Atlético Madrid,24,1992,10.3,0,3,0,0,0.29,0,0,,,,0,0,,,,,,2016-17
544,Nikola Vujadinović,me MNE,DF,Osasuna,30,1986,8.7,0,5,4,80,0.57,0.46,0,0,,,0,0,,,,,,2016-17
545,Wakaso,gh GHA,MFFW,Granada,26,1990,9.6,1,17,5,29.4,1.77,0.52,0.06,0.2,,,0,0,,,,,,2016-17
546,Daniel Wass,dk DEN,MF,Celta Vigo,27,1989,26.4,3,41,13,31.7,1.55,0.49,0.07,0.23,,,0,0,,,,,,2016-17
547,Iñaki Williams,gh GHA,MFFW,Athletic Club,22,1994,31,5,67,30,44.8,2.16,0.97,0.07,0.17,,,0,0,,,,,,2016-17
548,Yoel,es ESP,GK,Eibar,27,1988,23.5,0,0,0,,0,0,,,,,0,0,,,,,,2016-17
549,Joseba Zaldúa,es ESP,DF,Real Sociedad,24,1992,12.3,0,7,2,28.6,0.57,0.16,0,0,,,0,0,,,,,,2016-17
550,Simone Zaza,it ITA,FW,Valencia,25,1991,15.3,6,60,17,28.3,3.92,1.11,0.1,0.35,,,0,0,,,,,,2016-17
551,Nabil El Zhar,ma MAR,MFFW,Las Palmas,29,1986,8,3,12,8,66.7,1.51,1.01,0.25,0.38,,,0,0,,,,,,2016-17
552,Nabil El Zhar,ma MAR,MF,Leganés,29,1986,10.6,1,19,10,52.6,1.79,0.94,0.05,0.1,,,0,0,,,,,,2016-17
553,Roman Zozulya,ua UKR,FW,Betis,26,1989,1.7,0,3,1,33.3,1.74,0.58,0,0,,,0,0,,,,,,2016-17
554,Igor Zubeldia,es ESP,MF,Real Sociedad,19,1997,2.8,0,2,0,0,0.71,0,0,,,,0,0,,,,,,2016-17
555,David Zurutuza,es ESP,MF,Real Sociedad,30,1986,27.7,3,25,12,48,0.9,0.43,0.12,0.25,,,0,0,,,,,,2016-17
